pdb_id,split,n_chains,total_length,n_clashes,clashes_per_100_nt,max_clash_overlap,n_contacts,contacts_per_residue
157D,train,2,24,31,129.16666666666669,1.7495586,51,2.125
17RA,train,12,252,4008,1590.4761904761906,3.5360394,6412,25.444444444444443
1A3M,train,40,540,16295,3017.5925925925926,3.5912244,28521,52.81666666666667
1A4D,train,2,41,48,117.07317073170731,1.7140524,94,2.292682926829268
1AFX,train,13,156,3240,2076.923076923077,3.558684,4944,31.692307692307693
1AJF,train,1,18,22,122.22222222222223,1.7091646,38,2.111111111111111
1EHZ,test,1,62,51,82.25806451612904,1.75082,129,2.0806451612903225
2K96,test,20,940,38255,4069.68085106383,3.5662208,66172,70.39574468085107
