position,score
1,28.124120171318058
2,43.83478669244766
3,30.65111645330429
4,27.507589435110095
5,48.170775106430064
6,29.29430730099678
7,34.02441587352752
8,37.99281551505089
9,58.18553362290383
10,0.0
11,26.882428244857785
12,22.33115242835045
13,34.95081389716148
14,42.034223024511334
15,37.548994669113156
16,0.0
17,0.0
18,30.150984974555968
19,26.335096903963088
20,35.20875672881127
21,48.897680139846806
22,30.79817182267189
23,42.61960594414711
24,30.930231871004107
25,26.713860625171662
26,0.0
27,33.59722471725464
28,28.76942878871918
29,36.3912918507576
30,17.12488156387329
31,27.515302622585295
32,0.0
33,3.7518379803848267
34,0.0
35,19.170062404785156
36,26.447693047323227
37,0.0
38,21.304899289226533
39,0.0
40,0.0
41,7.26346546341896
42,32.322607360105515
43,37.21938321993828
44,43.78244484090805
45,29.267157042951588
46,0.0
47,36.274406241531366
48,70.05828264099121
49,0.0
50,32.9665386208725
51,26.26416874637604
52,14.942151389350892
53,24.884891576461794
54,0.0
55,0.0
56,13.624972118740082
57,31.228291064605713
58,0.0
59,29.944127702102662
60,43.27403472452164
61,32.9716649805069
62,25.84385728057861
63,33.370691997261055
64,23.167495086488724
65,27.759679937238698
66,26.10138072651863
67,31.202551139888765
68,19.76648563660622
69,14.01228207267761
70,27.54825796865463
71,23.825384493827823
72,15.48245186463356
73,8.75818738471985
74,14.434790897216796
75,4.037086396999359
76,1.6709007527160646

TOTAL_SCORE,895.2650775397876
