position,score
1,8.024790000000003
2,0.3296399999999996
3,6.165070000000004
4,7.889660000000004
5,3.390450000000001
6,-1.15149
7,7.054679999999998
8,11.180489999999995
9,10.112929999999997
10,0.0
11,-0.403690000000001
12,9.254219999999998
13,0.061289999999998734
14,15.55505
15,5.6344800000000035
16,0.0
17,0.0
18,17.044330000000002
19,7.371960000000003
20,7.737080000000002
21,0.1045399999999995
22,7.414920000000003
23,10.427389999999994
24,6.932660000000003
25,0.5761499999999994
26,0.0
27,-2.1646000000000005
28,-3.3211500000000003
29,5.6773299999999995
30,6.686040000000004
31,0.1699199999999997
32,0.0
33,3.7707200000000007
34,0.0
35,0.16452999999999993
36,1.69462
37,0.0
38,1.2690199999999998
39,0.0
40,0.0
41,4.588250000000002
42,7.542900000000003
43,7.247460000000003
44,1.05842
45,5.993840000000001
46,0.0
47,21.28260999999999
48,6.395329999999998
49,0.0
50,0.5567000000000002
51,7.830370000000003
52,3.282910000000001
53,9.08549
54,0.0
55,0.0
56,-5.031620000000001
57,17.838380000000004
58,0.0
59,18.81006999999999
60,7.032870000000001
61,-3.3710900000000015
62,-1.1439299999999992
63,-2.1680900000000003
64,-0.20326000000000002
65,8.366010000000003
66,1.4129999999999994
67,1.7360499999999996
68,-2.5928599999999995
69,2.00437
70,-1.0872899999999999
71,8.238430000000003
72,-3.0783000000000005
73,2.7632600000000003
74,-1.7870499999999998
75,-1.9638300000000002
76,0.39761000000000046
