position,score
1,1.9959742770671844
2,0.032236158657073966
3,-1.2898474469566346
4,1.4317404200935364
5,3.076754683914184
6,-0.2955676467418672
7,-0.9322631396770477
8,8.382521407146454
9,11.66045300204277
10,0.0
11,-0.4671018113231658
12,1.5266733661937713
13,2.2221480125999453
14,5.617752461700441
15,-0.20109395442962655
16,0.0
17,0.0
18,6.751998515434265
19,2.771462087125778
20,2.0389329327869414
21,1.85270618519783
22,1.877679989833832
23,3.565621725845337
24,0.14101163743019107
25,1.4547259677791595
26,0.0
27,1.0136674169826505
28,0.5452246134662628
29,4.465465584888458
30,-0.9832347791290281
31,2.06973466963768
32,0.0
33,0.07901317587852477
34,0.0
35,0.5895453442382812
36,2.5166323703479767
37,0.0
38,1.1391628556632996
39,0.0
40,0.0
41,0.30488549450874325
42,0.5612979880428313
43,2.6276467966079706
44,1.6566788792991638
45,1.0036498231697082
46,0.0
47,14.62473504696846
48,2.9033505498981462
49,0.0
50,0.4528908528518675
51,1.2012029829692843
52,0.8685725646591187
53,0.6565836460399627
54,0.0
55,0.0
56,-0.7498596419906616
57,11.423587237796784
58,0.0
59,3.5942724825286865
60,1.4523090030670165
61,1.6040812201499939
62,0.21633381542205837
63,0.42047158180236816
64,-1.2103758225631713
65,1.4890745276069641
66,-0.7043536643981934
67,-1.1585520485973357
68,-0.3344804571437836
69,0.08518317886352546
70,0.3821447574043273
71,0.46602398110389703
72,-1.632733442907333
73,0.7567110949707031
74,0.5761444900131225
75,0.7528274216651916
76,0.3145807827758789

TOTAL_SCORE,54.627307603139876
